,City,State,Hashtag,Created_At,Lat,Lng,Color,Density,Population,Counts
0,Dallas, TX,#MWGA,Fri Jun 19 19:02:19 +0000 2020,32.7936,-96.7662,#21897e,1524.0,5733259.0,1
2,Texas, USA,#onlyfans,Fri Jun 19 23:59:46 +0000 2020,30.65436949941793,-97.80444208381839,#3ba99c,467.07974388824215,19220.278230500582,2
3,Indianapolis, IN,#onlyfans,Fri Jun 19 23:59:30 +0000 2020,39.7771,-86.1458,#3ba99c,921.0,1564699.0,1
5,Atlanta, GA,#onlyfans,Fri Jun 19 23:59:26 +0000 2020,33.7627,-84.4225,#3ba99c,1384.0,5228750.0,1
8,Redondo Beach, CA,#onlyfans,Fri Jun 19 23:58:57 +0000 2020,33.8574,-118.3766,#3ba99c,4230.0,67908.0,1
10,Boston,MA ,#onlyfans,Fri Jun 19 23:58:49 +0000 2020,42.3188,-71.0846,#3ba99c,5472.0,4637537.0,1
12,Fort Collins, CO,#onlyfans,Fri Jun 19 23:58:24 +0000 2020,40.5475,-105.0651,#3ba99c,1124.0,303184.0,1
13,California, USA,#onlyfans,Fri Jun 19 23:58:22 +0000 2020,36.924938936877076,-120.18747089700997,#3ba99c,956.9958139534883,39607.22724252492,1
15,Miami, FL,#onlyfans,Fri Jun 19 23:58:09 +0000 2020,25.7839,-80.2102,#3ba99c,4969.0,6381966.0,1
18,North Las Vegas, NV,#onlyfans,Fri Jun 19 23:57:17 +0000 2020,36.288,-115.0901,#3ba99c,957.0,242975.0,1
22,Texas, USA,#onlyfans,Fri Jun 19 23:56:10 +0000 2020,30.65436949941793,-97.80444208381839,#3ba99c,467.07974388824215,19220.278230500582,2
24,Oregon, USA,#onlyfans,Fri Jun 19 23:55:57 +0000 2020,44.56224297082228,-122.01842334217507,#3ba99c,621.6392572944297,13825.602122015915,1
46,Michigan, USA,Feminazi,Fri Jun 19 22:56:23 +0000 2020,43.47372115942029,-84.86635913043477,#69d1c5,503.21159420289854,15115.937681159421,1
49,San Francisco, CA,#Feminism,Fri Jun 19 23:24:57 +0000 2020,37.7562,-122.443,#7ebce6,7286.0,3603761.0,2
50,Florida, USA,#Feminism,Fri Jun 19 23:22:26 +0000 2020,28.1400878021978,-82.12263065934067,#7ebce6,927.0826373626373,33241.92747252747,1
53,Portland, OR,#Feminism,Fri Jun 19 22:51:13 +0000 2020,45.5371,-122.65,#7ebce6,1874.0,2052796.0,2
54,San Francisco, CA,#Feminism,Fri Jun 19 22:40:02 +0000 2020,37.7562,-122.443,#7ebce6,7286.0,3603761.0,2
55,New York, NY,#Feminism,Fri Jun 19 22:29:23 +0000 2020,40.6943,-73.9249,#7ebce6,11083.0,19354922.0,1
59,Austin, TX,#Feminism,Fri Jun 19 22:10:28 +0000 2020,30.3006,-97.7517,#7ebce6,1144.0,1638716.0,1
60,Santa Monica, CA,#Feminism,Fri Jun 19 21:46:28 +0000 2020,34.0232,-118.4813,#7ebce6,4235.0,92306.0,1
65,Portland, OR,#Feminism,Fri Jun 19 21:02:21 +0000 2020,45.5371,-122.65,#7ebce6,1874.0,2052796.0,2
67,Jacksonville Beach, FL,#Feminism,Fri Jun 19 20:57:27 +0000 2020,30.2782,-81.4045,#7ebce6,1236.0,23518.0,1
68,Fairfax, Virginia,#Feminism,Fri Jun 19 20:54:49 +0000 2020,38.8531,-77.2997,#7ebce6,1490.0,24097.0,1
69,Milwaukee, WI,#Feminism,Fri Jun 19 20:50:24 +0000 2020,43.0642,-87.9673,#7ebce6,2389.0,1377808.0,1
70,Gary, IN,#Feminism,Fri Jun 19 20:46:44 +0000 2020,41.5906,-87.3472,#7ebce6,590.0,76008.0,1
72,Washington, D.C.,#Equality,Fri Jun 19 14:41:09 +0000 2020,47.344806451612904,-121.38152080645162,#8980f5,521.5129032258064,16346.754838709678,2
73,Pensacola, FL,#Equality,Fri Jun 19 14:19:31 +0000 2020,30.4427,-87.1886,#8980f5,897.0,344400.0,1
74,Bakersfield, CA,#Equality,Fri Jun 19 23:59:48 +0000 2020,35.353,-119.0359,#8980f5,982.0,574362.0,1
76,Anaheim, CA,#Equality,Fri Jun 19 23:57:25 +0000 2020,33.839,-117.8573,#8980f5,2704.0,352497.0,1
77,Scottsdale, AZ,#Equality,Fri Jun 19 23:57:16 +0000 2020,33.6872,-111.8651,#8980f5,524.0,249950.0,1
79,Hugo, OK,#Equality,Fri Jun 19 23:57:04 +0000 2020,34.0121,-95.5119,#8980f5,308.0,4910.0,1
80,Florida, USA,#Equality,Fri Jun 19 23:53:32 +0000 2020,28.1400878021978,-82.12263065934067,#8980f5,927.0826373626373,33241.92747252747,2
82,Missouri, USA,#Equality,Fri Jun 19 23:53:16 +0000 2020,38.46613426911907,-92.43911626331074,#8980f5,405.15663117134557,7224.933204259439,1
83,Genoa City, WI,#Equality,Fri Jun 19 23:53:11 +0000 2020,42.5065,-88.3193,#8980f5,441.0,3010.0,1
84,Alpharetta, GA,#Equality,Fri Jun 19 23:53:00 +0000 2020,34.0703,-84.2738,#8980f5,944.0,65799.0,1
86,Washington, DC,#Equality,Fri Jun 19 23:52:30 +0000 2020,38.9047,-77.0163,#8980f5,4382.0,5289420.0,2
88,Brooklyn, NY,#Equality,Fri Jun 19 23:51:21 +0000 2020,40.6501,-73.9496,#8980f5,14606.0,2629150.0,1
89,Denver, Colorado,#Equality,Fri Jun 19 23:47:55 +0000 2020,39.7621,-104.8759,#8980f5,1774.0,2787266.0,1
90,Cave City, KY,#Equality,Fri Jun 19 23:47:43 +0000 2020,37.14,-85.9646,#8980f5,211.0,2411.0,1
91,Santa Monica, CA,#Equality,Fri Jun 19 23:47:39 +0000 2020,34.0232,-118.4813,#8980f5,4235.0,92306.0,1
92,Houston, TX,#Equality,Fri Jun 19 23:45:40 +0000 2020,29.7869,-95.3905,#8980f5,1401.0,5446468.0,1
93,Ohio, USA,#Equality,Fri Jun 19 23:44:03 +0000 2020,40.35181636212625,-82.80448712624585,#8980f5,549.1569767441861,11432.45265780731,2
94,Queens, NY,#Equality,Fri Jun 19 23:43:49 +0000 2020,40.7498,-73.7976,#8980f5,8247.0,2333054.0,1
95,Phoenix, Arizona,#Equality,Fri Jun 19 23:41:04 +0000 2020,33.5722,-112.0891,#8980f5,1212.0,4081849.0,1
96,Knoxville, TN,#Equality,Fri Jun 19 23:40:17 +0000 2020,35.9692,-83.9496,#8980f5,732.0,585249.0,1
98,New York, NY,#Equality,Fri Jun 19 23:39:09 +0000 2020,40.6943,-73.9249,#8980f5,11083.0,19354922.0,1
100,San Diego, CA,#Equality,Fri Jun 19 23:37:58 +0000 2020,32.8312,-117.1225,#8980f5,1683.0,3210314.0,1
101,Herndon, VA,#Equality,Fri Jun 19 23:36:18 +0000 2020,38.9699,-77.3867,#8980f5,2209.0,24532.0,1
102,Detroit, Michigan,#Equality,Fri Jun 19 23:33:54 +0000 2020,42.3834,-83.1024,#8980f5,1873.0,3522206.0,1
103,Los Angeles, CA,#Equality,Fri Jun 19 23:33:29 +0000 2020,34.1139,-118.4068,#8980f5,3295.0,12815475.0,3
104,Florida, USA,#Equality,Fri Jun 19 23:33:19 +0000 2020,28.1400878021978,-82.12263065934067,#8980f5,927.0826373626373,33241.92747252747,2
105,Los Angeles, CA ,#Equality,Fri Jun 19 23:33:16 +0000 2020,34.1139,-118.4068,#8980f5,3295.0,12815475.0,3
106,Los Angeles, CA,#Equality,Fri Jun 19 23:31:52 +0000 2020,34.1139,-118.4068,#8980f5,3295.0,12815475.0,3
108,Columbus, OH,#Equality,Fri Jun 19 23:30:13 +0000 2020,39.986,-82.9851,#8980f5,1551.0,1528314.0,1
110,Texas, USA,#Equality,Fri Jun 19 23:29:07 +0000 2020,30.65436949941793,-97.80444208381839,#8980f5,467.07974388824215,19220.278230500582,1
112,North Carolina, USA,#Equality,Fri Jun 19 23:28:27 +0000 2020,35.439809510869566,-79.32081358695652,#8980f5,296.32065217391306,12504.385869565218,1
113,San Mateo, CA,#Equality,Fri Jun 19 23:27:45 +0000 2020,37.5522,-122.3122,#8980f5,3322.0,104748.0,1
117,Ohio, USA,#Equality,Fri Jun 19 23:24:04 +0000 2020,40.35181636212625,-82.80448712624585,#8980f5,549.1569767441861,11432.45265780731,2
119,Maryland, USA,#Equality,Fri Jun 19 23:22:44 +0000 2020,39.096691245136185,-76.99463501945526,#8980f5,843.964980544747,13387.101167315175,1
120,San Francisco, CA,#Equality,Fri Jun 19 23:20:43 +0000 2020,37.7562,-122.443,#8980f5,7286.0,3603761.0,1
122,Stockton, CA,#BLM,Fri Jun 19 23:59:59 +0000 2020,37.9766,-121.3111,#1e212b,1943.0,394467.0,1
124,Tennessee, USA,#BLM,Fri Jun 19 23:59:55 +0000 2020,35.82854061032864,-86.25442746478873,#1e212b,230.86150234741785,14237.330985915492,1
125,Georgia, USA,#BLM,Fri Jun 19 23:59:53 +0000 2020,32.96564403225806,-83.57147564516129,#1e212b,315.7548387096774,17340.274193548386,1
126,New Jersey, USA,#BLM,Fri Jun 19 23:59:51 +0000 2020,40.32016673040153,-74.52402217973231,#1e212b,1469.2390057361376,10892.99808795411,1
127,Reno, Nevada,#BLM,Fri Jun 19 23:59:51 +0000 2020,39.5497,-119.8483,#1e212b,884.0,433271.0,1
128,Dana Point, California,#BLM,Fri Jun 19 23:59:49 +0000 2020,33.4733,-117.6969,#1e212b,2020.0,33934.0,1
130,Connecticut, USA,#BLM,Fri Jun 19 23:59:48 +0000 2020,41.55448839285714,-72.6807919642857,#1e212b,749.8392857142857,36364.169642857145,1
132,Toledo, OH,#BLM,Fri Jun 19 23:59:46 +0000 2020,41.6639,-83.5822,#1e212b,1326.0,488672.0,1
134,California, USA,#BLM,Fri Jun 19 23:59:45 +0000 2020,36.924938936877076,-120.18747089700997,#1e212b,956.9958139534883,39607.22724252492,2
135,New York, NY,#BLM,Fri Jun 19 23:59:45 +0000 2020,40.6943,-73.9249,#1e212b,11083.0,19354922.0,1
136,New Mexico, USA,#BLM,Fri Jun 19 23:59:42 +0000 2020,34.679786986301366,-106.52406095890412,#1e212b,150.43835616438355,4800.2168949771685,1
137,Wylie, TX,#BLM,Fri Jun 19 23:59:41 +0000 2020,33.0362,-96.5161,#1e212b,872.0,49826.0,1
138,San Diego, CA,#BLM,Fri Jun 19 23:59:39 +0000 2020,32.8312,-117.1225,#1e212b,1683.0,3210314.0,2
140,Charlotte, NC,#BLM,Fri Jun 19 23:59:36 +0000 2020,35.2079,-80.8304,#1e212b,1081.0,1467362.0,1
141,Maryland, USA,#BLM,Fri Jun 19 23:59:31 +0000 2020,39.096691245136185,-76.99463501945526,#1e212b,843.964980544747,13387.101167315175,1
142,Houston, TX,#BLM,Fri Jun 19 23:59:28 +0000 2020,29.7869,-95.3905,#1e212b,1401.0,5446468.0,2
143,Akron, OH,#BLM,Fri Jun 19 23:59:24 +0000 2020,41.0798,-81.5219,#1e212b,1233.0,565920.0,1
144,Irvine, CA,#BLM,Fri Jun 19 23:59:23 +0000 2020,33.6772,-117.7738,#1e212b,1633.0,277453.0,1
145,San Diego, CA,#BLM,Fri Jun 19 23:59:20 +0000 2020,32.8312,-117.1225,#1e212b,1683.0,3210314.0,2
146,Chicago, IL,#BLM,Fri Jun 19 23:59:20 +0000 2020,41.8373,-87.6862,#1e212b,4612.0,8675982.0,1
147,Michigan, USA,#BLM,Fri Jun 19 23:59:20 +0000 2020,43.47372115942029,-84.86635913043477,#1e212b,503.21159420289854,15115.937681159421,1
148,Las Vegas, NV,#BLM,Fri Jun 19 23:59:16 +0000 2020,36.2333,-115.2654,#1e212b,1747.0,2073045.0,1
149,Burlington, VT,#BLM,Fri Jun 19 23:59:13 +0000 2020,44.4877,-73.2314,#1e212b,1582.0,108277.0,1
153,Houston,Texas,#BLM,Fri Jun 19 23:59:00 +0000 2020,29.7869,-95.3905,#1e212b,1401.0,5446468.0,2
154,Texas, USA,#BLM,Fri Jun 19 23:58:59 +0000 2020,30.65436949941793,-97.80444208381839,#1e212b,467.07974388824215,19220.278230500582,1
155,Brooklyn, NY,#BLM,Fri Jun 19 23:58:55 +0000 2020,40.6501,-73.9496,#1e212b,14606.0,2629150.0,1
156,Ohio, USA,#BLM,Fri Jun 19 23:58:54 +0000 2020,40.35181636212625,-82.80448712624585,#1e212b,549.1569767441861,11432.45265780731,1
157,Davis, California,#BLM,Fri Jun 19 23:58:53 +0000 2020,38.5552,-121.7365,#1e212b,2693.0,76524.0,1
158,Phoenix, AZ,#BLM,Fri Jun 19 23:58:53 +0000 2020,33.5722,-112.0891,#1e212b,1212.0,4081849.0,1
160,Minneapolis, MN,#BLM,Fri Jun 19 23:58:51 +0000 2020,44.9635,-93.2678,#1e212b,3019.0,2926757.0,1
161,California, USA,#BLM,Fri Jun 19 23:58:47 +0000 2020,36.924938936877076,-120.18747089700997,#1e212b,956.9958139534883,39607.22724252492,2
162,Washington, DC,#MAGA,Fri Jun 19 19:09:36 +0000 2020,38.9047,-77.0163,#ffc800,4382.0,5289420.0,3
163,New York, NY,#MAGA,Fri Jun 19 21:55:13 +0000 2020,40.6943,-73.9249,#ffc800,11083.0,19354922.0,1
164,Lubbock, TX,#MAGA,Fri Jun 19 23:59:57 +0000 2020,33.5642,-101.8871,#ffc800,767.0,262505.0,1
165,Atlanta, GA,#MAGA,Fri Jun 19 23:59:56 +0000 2020,33.7627,-84.4225,#ffc800,1384.0,5228750.0,1
166,Washington, USA,#MAGA,Fri Jun 19 23:59:49 +0000 2020,47.344806451612904,-121.38152080645162,#ffc800,521.5129032258064,16346.754838709678,3
167,Florida, USA,#MAGA,Fri Jun 19 23:59:44 +0000 2020,28.1400878021978,-82.12263065934067,#ffc800,927.0826373626373,33241.92747252747,2
168,Davidsville, PA,#MAGA,Fri Jun 19 23:59:43 +0000 2020,40.2348,-78.9356,#ffc800,140.0,841.0,1
170,Michigan, USA,#MAGA,Fri Jun 19 23:59:43 +0000 2020,43.47372115942029,-84.86635913043477,#ffc800,503.21159420289854,15115.937681159421,1
171,Pennsylvania, USA,#MAGA,Fri Jun 19 23:59:43 +0000 2020,40.62121128472223,-77.63372887731481,#ffc800,782.3564814814815,9051.620949074075,1
173,Meridian, MS,#MAGA,Fri Jun 19 23:59:39 +0000 2020,32.3846,-88.6897,#ffc800,272.0,38294.0,1
174,Rossville, GA,#MAGA,Fri Jun 19 23:59:37 +0000 2020,34.9747,-85.2898,#ffc800,851.0,3984.0,1
175,Texas, USA,#MAGA,Fri Jun 19 23:59:35 +0000 2020,30.65436949941793,-97.80444208381839,#ffc800,467.07974388824215,19220.278230500582,1
177,Virginia, USA,#MAGA,Fri Jun 19 23:59:32 +0000 2020,37.7647656996587,-78.37606126279863,#ffc800,544.5238907849829,13988.131399317406,1
179,Chicago, IL,#MAGA,Fri Jun 19 23:59:27 +0000 2020,41.8373,-87.6862,#ffc800,4612.0,8675982.0,1
180,New Jersey, USA,#MAGA,Fri Jun 19 23:59:25 +0000 2020,40.32016673040153,-74.52402217973231,#ffc800,1469.2390057361376,10892.99808795411,1
181,Georgia, (Native Texan),#MAGA,Fri Jun 19 23:59:23 +0000 2020,32.96564403225806,-83.57147564516129,#ffc800,315.7548387096774,17340.274193548386,1
182,California, USA,#MAGA,Fri Jun 19 23:59:22 +0000 2020,36.924938936877076,-120.18747089700997,#ffc800,956.9958139534883,39607.22724252492,2
184,Westfield, IN,#MAGA,Fri Jun 19 23:59:19 +0000 2020,40.0333,-86.1532,#ffc800,501.0,39493.0,1
185,Tennessee, USA,#MAGA,Fri Jun 19 23:59:18 +0000 2020,35.82854061032864,-86.25442746478873,#ffc800,230.86150234741785,14237.330985915492,1
186,Ohio, USA,#MAGA,Fri Jun 19 23:59:18 +0000 2020,40.35181636212625,-82.80448712624585,#ffc800,549.1569767441861,11432.45265780731,1
187,Texas City, TX,#MAGA,Fri Jun 19 23:59:14 +0000 2020,29.4128,-94.9658,#ffc800,291.0,114546.0,1
188,Murrieta, CA,#MAGA,Fri Jun 19 23:59:13 +0000 2020,33.572,-117.1909,#ffc800,1301.0,483681.0,1
189,Huntington Beach, CA,#MAGA,Fri Jun 19 23:59:12 +0000 2020,33.696,-118.0025,#ffc800,2886.0,201874.0,1
190,Florida, USA,#MAGA,Fri Jun 19 23:59:09 +0000 2020,28.1400878021978,-82.12263065934067,#ffc800,927.0826373626373,33241.92747252747,2
191,Colorado, #MAGA,#MAGA,Fri Jun 19 23:59:08 +0000 2020,39.18856197802197,-105.29543868131867,#ffc800,446.1802197802198,16481.65274725275,2
192,Alabama, USA,#MAGA,Fri Jun 19 23:59:06 +0000 2020,32.94153133561644,-86.74674229452056,#ffc800,145.04965753424656,7362.020547945205,1
194,Colorado, USA,#MAGA,Fri Jun 19 23:59:00 +0000 2020,39.18856197802197,-105.29543868131867,#ffc800,446.1802197802198,16481.65274725275,2
195,Washington, USA,#MAGA,Fri Jun 19 23:59:00 +0000 2020,47.344806451612904,-121.38152080645162,#ffc800,521.5129032258064,16346.754838709678,3
196,California, USA,#MAGA,Fri Jun 19 23:58:59 +0000 2020,36.924938936877076,-120.18747089700997,#ffc800,956.9958139534883,39607.22724252492,2
198,Maryland, USA,#ProChoice,Fri Jun 19 22:58:27 +0000 2020,39.096691245136185,-76.99463501945526,#ff8427,843.964980544747,13387.101167315175,1
199,Memphis,TN,#ProChoice,Fri Jun 19 22:42:39 +0000 2020,35.1046,-89.9773,#ff8427,793.0,1068873.0,5
200,Nashville, TN,#ProChoice,Fri Jun 19 22:42:05 +0000 2020,36.1715,-86.7843,#ff8427,541.0,1076645.0,3
201,Wisconsin, USA,#ProChoice,Fri Jun 19 22:38:15 +0000 2020,44.158926070038916,-89.66840869001297,#ff8427,323.35927367055774,7699.124513618677,1
203,The Hammocks, FL,#ProChoice,Fri Jun 19 22:31:08 +0000 2020,25.67,-80.4483,#ff8427,2886.0,58976.0,1
204,FL, LA,#ProChoice,Fri Jun 19 22:18:09 +0000 2020,28.1400878021978,-82.12263065934067,#ff8427,927.0826373626373,33241.92747252747,1
205,Tucson, AZ,#ProChoice,Fri Jun 19 22:17:45 +0000 2020,32.1545,-110.8782,#ff8427,868.0,868391.0,1
206,Mendham, NJ,#ProChoice,Fri Jun 19 22:16:53 +0000 2020,40.7687,-74.6003,#ff8427,324.0,4978.0,1
207,Tennessee, USA,#ProChoice,Fri Jun 19 22:16:28 +0000 2020,35.82854061032864,-86.25442746478873,#ff8427,230.86150234741785,14237.330985915492,4
208,Memphis, TN,#ProChoice,Fri Jun 19 22:12:10 +0000 2020,35.1046,-89.9773,#ff8427,793.0,1068873.0,5
209,Indiana, USA,#ProChoice,Fri Jun 19 22:03:01 +0000 2020,39.980345575221236,-86.28141401179941,#ff8427,507.0575221238938,9087.176991150442,1
210,Austin, Texas,#ProChoice,Fri Jun 19 22:01:02 +0000 2020,30.3006,-97.7517,#ff8427,1144.0,1638716.0,1
211,Nashville, TN,#ProChoice,Fri Jun 19 21:56:34 +0000 2020,36.1715,-86.7843,#ff8427,541.0,1076645.0,3
212,New York, NY,#ProChoice,Fri Jun 19 21:51:11 +0000 2020,40.6943,-73.9249,#ff8427,11083.0,19354922.0,1
213,Tennessee, USA,#ProChoice,Fri Jun 19 21:42:06 +0000 2020,35.82854061032864,-86.25442746478873,#ff8427,230.86150234741785,14237.330985915492,4
214,Tennessee, USA,#ProChoice,Fri Jun 19 21:34:42 +0000 2020,35.82854061032864,-86.25442746478873,#ff8427,230.86150234741785,14237.330985915492,4
215,Tennessee, USA,#ProChoice,Fri Jun 19 21:32:56 +0000 2020,35.82854061032864,-86.25442746478873,#ff8427,230.86150234741785,14237.330985915492,4
216,Memphis, TN,#ProChoice,Fri Jun 19 21:19:44 +0000 2020,35.1046,-89.9773,#ff8427,793.0,1068873.0,5
218,Rockford, TN,#ProChoice,Fri Jun 19 21:11:11 +0000 2020,35.8328,-83.9357,#ff8427,103.0,855.0,1
219,Johnson City, TN,#ProChoice,Fri Jun 19 21:08:30 +0000 2020,36.3406,-82.3803,#ff8427,594.0,126589.0,1
220,Florida, USA,#ProChoice,Fri Jun 19 21:07:09 +0000 2020,28.1400878021978,-82.12263065934067,#ff8427,927.0826373626373,33241.92747252747,1
221,Nashville, TN,#ProChoice,Fri Jun 19 20:57:35 +0000 2020,36.1715,-86.7843,#ff8427,541.0,1076645.0,3
222,Sevierville, TN,#ProChoice,Fri Jun 19 20:50:36 +0000 2020,35.8873,-83.5678,#ff8427,269.0,24958.0,1
224,Boston, MA,#ProChoice,Fri Jun 19 20:30:18 +0000 2020,42.3188,-71.0846,#ff8427,5472.0,4637537.0,1
225,Memphis, TN,#ProChoice,Fri Jun 19 20:27:55 +0000 2020,35.1046,-89.9773,#ff8427,793.0,1068873.0,5
226,Minnesota, USA,#ProChoice,Fri Jun 19 20:26:58 +0000 2020,45.4967491638796,-94.2840231884058,#ff8427,328.11371237458195,8110.9988851727985,1
228,Memphis, TN,#ProChoice,Fri Jun 19 20:24:38 +0000 2020,35.1046,-89.9773,#ff8427,793.0,1068873.0,5
229,Knoxville, TN,#ProChoice,Fri Jun 19 20:23:23 +0000 2020,35.9692,-83.9496,#ff8427,732.0,585249.0,1
230,Pennsylvania, USA,#ProChoice,Fri Jun 19 20:23:11 +0000 2020,40.62121128472223,-77.63372887731481,#ff8427,782.3564814814815,9051.620949074075,1
231,Washington, USA,#ProChoice,Fri Jun 19 20:22:42 +0000 2020,47.344806451612904,-121.38152080645162,#ff8427,521.5129032258064,16346.754838709678,1
232,Washington, DC,#ProLife,Fri Jun 19 22:26:03 +0000 2020,38.9047,-77.0163,#564787,4382.0,5289420.0,2
233,Washington, DC,#ProLife,Fri Jun 19 20:02:19 +0000 2020,38.9047,-77.0163,#564787,4382.0,5289420.0,2
234,Titusville, FL,#ProLife,Fri Jun 19 17:15:20 +0000 2020,28.5727,-80.8193,#564787,611.0,57497.0,1
235,Gainesville, FL,#ProLife,Fri Jun 19 23:59:38 +0000 2020,29.6804,-82.3458,#564787,810.0,199695.0,1
236,Altamonte Springs, FL,#ProLife,Fri Jun 19 23:59:07 +0000 2020,28.6615,-81.3953,#564787,1880.0,44277.0,1
237,Fairborn, OH,#ProLife,Fri Jun 19 23:55:57 +0000 2020,39.801,-84.0094,#564787,889.0,33541.0,1
238,Butte, MT,#ProLife,Fri Jun 19 23:55:33 +0000 2020,45.902,-112.6571,#564787,18.0,30628.0,1
239,Illinois, USA,#ProLife,Fri Jun 19 23:51:14 +0000 2020,40.335685557184746,-89.03020461876832,#564787,554.2741935483871,13391.538856304986,1
240,Missouri, USA,#ProLife,Fri Jun 19 23:48:44 +0000 2020,38.46613426911907,-92.43911626331074,#564787,405.15663117134557,7224.933204259439,1
241,Ohio, USA,#ProLife,Fri Jun 19 23:47:59 +0000 2020,40.35181636212625,-82.80448712624585,#564787,549.1569767441861,11432.45265780731,2
243,North East, PA,#ProLife,Fri Jun 19 23:46:01 +0000 2020,42.2134,-79.8333,#564787,1223.0,6206.0,1
244,Etowah, NC,#ProLife,Fri Jun 19 23:44:38 +0000 2020,35.3061,-82.5902,#564787,165.0,7589.0,1
245,Garland, TX,#ProLife,Fri Jun 19 23:43:10 +0000 2020,32.91,-96.6305,#564787,1610.0,238002.0,1
247,Lake City, FL,#ProLife,Fri Jun 19 23:42:12 +0000 2020,30.1901,-82.6471,#564787,396.0,25869.0,1
248,Pennsylvania, USA,#ProLife,Fri Jun 19 23:41:09 +0000 2020,40.62121128472223,-77.63372887731481,#564787,782.3564814814815,9051.620949074075,2
249,Columbus, OH,#ProLife,Fri Jun 19 23:39:38 +0000 2020,39.986,-82.9851,#564787,1551.0,1528314.0,1
250,Council Bluffs, Iowa,#ProLife,Fri Jun 19 23:39:22 +0000 2020,41.2369,-95.8518,#564787,561.0,62316.0,1
253,Virginia, USA,#ProLife,Fri Jun 19 23:36:55 +0000 2020,37.7647656996587,-78.37606126279863,#564787,544.5238907849829,13988.131399317406,1
254,Atlanta, Georgia,#ProLife,Fri Jun 19 23:36:51 +0000 2020,33.7627,-84.4225,#564787,1384.0,5228750.0,1
255,Ohio, USA,#ProLife,Fri Jun 19 23:35:51 +0000 2020,40.35181636212625,-82.80448712624585,#564787,549.1569767441861,11432.45265780731,2
256,Texas, USA,#ProLife,Fri Jun 19 23:34:38 +0000 2020,30.65436949941793,-97.80444208381839,#564787,467.07974388824215,19220.278230500582,1
257,Florida, USA,#ProLife,Fri Jun 19 23:33:24 +0000 2020,28.1400878021978,-82.12263065934067,#564787,927.0826373626373,33241.92747252747,2
258,Marco Island, FL,#ProLife,Fri Jun 19 23:32:27 +0000 2020,25.933,-81.6993,#564787,568.0,17904.0,1
259,Walkersville, MD,#ProLife,Fri Jun 19 23:26:41 +0000 2020,39.4832,-77.3559,#564787,501.0,6181.0,1
260,North Dakota, USA,#ProLife,Fri Jun 19 23:26:21 +0000 2020,47.52685985037407,-99.6368837905237,#564787,199.90523690773068,1813.5760598503741,1
261,Indiana, USA,#ProLife,Fri Jun 19 23:26:20 +0000 2020,39.980345575221236,-86.28141401179941,#564787,507.0575221238938,9087.176991150442,1
262,New Jersey, USA,#ProLife,Fri Jun 19 23:25:25 +0000 2020,40.32016673040153,-74.52402217973231,#564787,1469.2390057361376,10892.99808795411,1
263,Connecticut, USA,#ProLife,Fri Jun 19 23:25:20 +0000 2020,41.55448839285714,-72.6807919642857,#564787,749.8392857142857,36364.169642857145,1
264,Florida, USA,#ProLife,Fri Jun 19 23:25:02 +0000 2020,28.1400878021978,-82.12263065934067,#564787,927.0826373626373,33241.92747252747,2
265,Pennsylvania, USA,#ProLife,Fri Jun 19 23:24:43 +0000 2020,40.62121128472223,-77.63372887731481,#564787,782.3564814814815,9051.620949074075,2
266,Marietta, GA,#ProLife,Fri Jun 19 23:24:20 +0000 2020,33.9532,-84.5422,#564787,1009.0,61048.0,1
267,El Cajon, CA,#BlueLivesMurder,Fri Jun 19 23:41:19 +0000 2020,32.8017,-116.9604,#dbcbd8,2769.0,103894.0,1
269,Colorado Springs, CO,#BlueLivesMurder,Fri Jun 19 21:57:29 +0000 2020,38.8674,-104.7606,#dbcbd8,919.0,623946.0,1
271,Steilacoom, WA,#BlueLivesMurder,Fri Jun 19 20:56:06 +0000 2020,47.1699,-122.5935,#dbcbd8,1215.0,6337.0,1
273,Ohio, USA,#BlueLivesMurder,Fri Jun 19 20:52:53 +0000 2020,40.35181636212625,-82.80448712624585,#dbcbd8,549.1569767441861,11432.45265780731,1
274,Austin, TX,#BlueLivesMurder,Fri Jun 19 20:48:42 +0000 2020,30.3006,-97.7517,#dbcbd8,1144.0,1638716.0,1
275,Oceanside, CA,#BlueLivesMurder,Fri Jun 19 17:43:14 +0000 2020,33.2247,-117.3083,#dbcbd8,1649.0,176193.0,1
276,Brooklyn, NY,#BlueLivesMurder,Fri Jun 19 16:38:56 +0000 2020,40.6501,-73.9496,#dbcbd8,14606.0,2629150.0,1
277,Edgewater, NJ,#BlueLivesMurder,Fri Jun 19 15:49:54 +0000 2020,40.8238,-73.9739,#dbcbd8,4917.0,12368.0,1
278,Boston, MA,#BlueLivesMurder,Fri Jun 19 14:52:49 +0000 2020,42.3188,-71.0846,#dbcbd8,5472.0,4637537.0,1
279,Tulsa, OK,#BlueLivesMurder,Fri Jun 19 13:37:42 +0000 2020,36.1284,-95.9043,#dbcbd8,785.0,672054.0,1
281,Medina, OH,#BlueLivesMurder,Fri Jun 19 05:41:35 +0000 2020,41.1358,-81.8694,#dbcbd8,873.0,26190.0,1
282,Oregon, USA,#BlueLivesMurder,Fri Jun 19 04:58:45 +0000 2020,44.56224297082228,-122.01842334217507,#dbcbd8,621.6392572944297,13825.602122015915,1
283,Arizona, USA,#BlueLivesMurder,Fri Jun 19 04:46:46 +0000 2020,33.872523318385646,-111.58644260089687,#dbcbd8,204.72869955156952,21483.224215246635,1
284,Houston, TX,#BlueLivesMurder,Fri Jun 19 01:45:59 +0000 2020,29.7869,-95.3905,#dbcbd8,1401.0,5446468.0,1
285,Los Angeles, CA,#BlueLivesMurder,Fri Jun 19 01:18:57 +0000 2020,34.1139,-118.4068,#dbcbd8,3295.0,12815475.0,1
286,Phoenix, AZ,#BlueLivesMurder,Fri Jun 19 00:37:18 +0000 2020,33.5722,-112.0891,#dbcbd8,1212.0,4081849.0,1
287,Houston, TX,#DisarmthePolice,Fri Jun 19 23:29:35 +0000 2020,29.7869,-95.3905,#562c2c,1401.0,5446468.0,1
291,Oregon, USA,#DisarmthePolice,Fri Jun 19 18:40:05 +0000 2020,44.56224297082228,-122.01842334217507,#562c2c,621.6392572944297,13825.602122015915,1
292,Los Angeles, CA,#DisarmthePolice,Fri Jun 19 18:32:03 +0000 2020,34.1139,-118.4068,#562c2c,3295.0,12815475.0,1
293,Austin, TX,#DisarmthePolice,Fri Jun 19 17:40:54 +0000 2020,30.3006,-97.7517,#562c2c,1144.0,1638716.0,1
294,Seattle, WA,#DisarmthePolice,Fri Jun 19 16:37:39 +0000 2020,47.6211,-122.3244,#562c2c,3336.0,3643765.0,1
295,Everett, Washington,#DisarmthePolice,Fri Jun 19 16:07:14 +0000 2020,47.9524,-122.167,#562c2c,1278.0,110079.0,1
296,Arkansas, USA,#DisarmthePolice,Fri Jun 19 14:15:26 +0000 2020,35.07553649906891,-92.35809255121043,#562c2c,199.72625698324023,4858.420856610801,1
299,Fort Collins, CO,#DisarmthePolice,Fri Jun 19 06:31:13 +0000 2020,40.5475,-105.0651,#562c2c,1124.0,303184.0,1
300,Des Moines, Iowa,#DisarmthePolice,Fri Jun 19 06:19:36 +0000 2020,41.5725,-93.6105,#562c2c,952.0,481222.0,1
301,Parkland, WA,#DisarmthePolice,Fri Jun 19 05:39:44 +0000 2020,47.1417,-122.4376,#562c2c,1653.0,37019.0,1
303,Belton, MO,#DisarmthePolice,Fri Jun 19 04:24:57 +0000 2020,38.8193,-94.5334,#562c2c,641.0,23480.0,1
304,Massachusetts, USA,#DisarmthePolice,Fri Jun 19 02:51:08 +0000 2020,42.08924751773049,-71.18091205673758,#562c2c,1008.886524822695,63636.99290780142,1
306,Los Angeles, CA,BlackLivesMatter,Fri Jun 19 23:44:28 +0000 2020,34.1139,-118.4068,#f2542d,3295.0,12815475.0,3
310,Los Angeles, CA,BlackLivesMatter,Fri Jun 19 23:59:56 +0000 2020,34.1139,-118.4068,#f2542d,3295.0,12815475.0,3
312,Reno, Nevada,BlackLivesMatter,Fri Jun 19 23:59:51 +0000 2020,39.5497,-119.8483,#f2542d,884.0,433271.0,1
313,Lewes, DE,BlackLivesMatter,Fri Jun 19 23:59:51 +0000 2020,38.7781,-75.1454,#f2542d,308.0,27087.0,1
314,Merrillville, IN,BlackLivesMatter,Fri Jun 19 23:59:51 +0000 2020,41.4728,-87.3197,#f2542d,405.0,34871.0,1
315,Columbus, OH,BlackLivesMatter,Fri Jun 19 23:59:50 +0000 2020,39.986,-82.9851,#f2542d,1551.0,1528314.0,1
321,San Francisco, CA,BlackLivesMatter,Fri Jun 19 23:59:45 +0000 2020,37.7562,-122.443,#f2542d,7286.0,3603761.0,1
322,New York, NY,BlackLivesMatter,Fri Jun 19 23:59:45 +0000 2020,40.6943,-73.9249,#f2542d,11083.0,19354922.0,1
325,Las Vegas, NV,BlackLivesMatter,Fri Jun 19 23:59:44 +0000 2020,36.2333,-115.2654,#f2542d,1747.0,2073045.0,2
326,Los Angeles, CA,BlackLivesMatter,Fri Jun 19 23:59:42 +0000 2020,34.1139,-118.4068,#f2542d,3295.0,12815475.0,3
327,Las Vegas, NV,BlackLivesMatter,Fri Jun 19 23:59:41 +0000 2020,36.2333,-115.2654,#f2542d,1747.0,2073045.0,2
328,Ohio, USA,BlackLivesMatter,Fri Jun 19 23:59:41 +0000 2020,40.35181636212625,-82.80448712624585,#f2542d,549.1569767441861,11432.45265780731,2
329,Atlanta, GA,BlackLivesMatter,Fri Jun 19 23:59:41 +0000 2020,33.7627,-84.4225,#f2542d,1384.0,5228750.0,1
330,San Antonio, TX,BlackLivesMatter,Fri Jun 19 23:59:41 +0000 2020,29.4658,-98.5254,#f2542d,1204.0,2002530.0,1
331,Texas, USA,BlackLivesMatter,Fri Jun 19 23:59:41 +0000 2020,30.65436949941793,-97.80444208381839,#f2542d,467.07974388824215,19220.278230500582,1
332,Ohio, USA,BlackLivesMatter,Fri Jun 19 23:59:40 +0000 2020,40.35181636212625,-82.80448712624585,#f2542d,549.1569767441861,11432.45265780731,2
333,Miami, Florida,BlackLivesMatter,Fri Jun 19 23:59:38 +0000 2020,25.7839,-80.2102,#f2542d,4969.0,6381966.0,1
335,Tucson, AZ,BlackLivesMatter,Fri Jun 19 23:59:37 +0000 2020,32.1545,-110.8782,#f2542d,868.0,868391.0,1
338,California, USA,#WhiteLivesMatter,Fri Jun 19 23:51:48 +0000 2020,36.924938936877076,-120.18747089700997,#e6194B,956.9958139534883,39607.22724252492,1
353,California, USA,#redpill,Fri Jun 19 23:59:18 +0000 2020,36.924938936877076,-120.18747089700997,#3cb44b,956.9958139534883,39607.22724252492,1
354,Chicago, IL,#redpill,Fri Jun 19 23:55:29 +0000 2020,41.8373,-87.6862,#3cb44b,4612.0,8675982.0,1
355,New York, NY,#redpill,Fri Jun 19 23:52:35 +0000 2020,40.6943,-73.9249,#3cb44b,11083.0,19354922.0,1
356,Philadelphia, PA,#redpill,Fri Jun 19 23:50:07 +0000 2020,40.0077,-75.1339,#3cb44b,4547.0,5637884.0,1
357,Seattle, WA,#redpill,Fri Jun 19 23:13:21 +0000 2020,47.6211,-122.3244,#3cb44b,3336.0,3643765.0,1
358,Texas, USA,#redpill,Fri Jun 19 22:56:32 +0000 2020,30.65436949941793,-97.80444208381839,#3cb44b,467.07974388824215,19220.278230500582,2
359,Texas, USA,#redpill,Fri Jun 19 22:52:46 +0000 2020,30.65436949941793,-97.80444208381839,#3cb44b,467.07974388824215,19220.278230500582,2
360,Los Angeles, CA,#redpill,Fri Jun 19 22:50:00 +0000 2020,34.1139,-118.4068,#3cb44b,3295.0,12815475.0,1
361,Kansas City, MO,#redpill,Fri Jun 19 22:43:49 +0000 2020,39.1239,-94.5541,#3cb44b,599.0,1615621.0,1
366,Beaumont, TX,AllLivesMatter,Fri Jun 19 23:59:50 +0000 2020,30.085,-94.1451,#ffe119,558.0,148954.0,1
369,Washington, USA,AllLivesMatter,Fri Jun 19 23:58:06 +0000 2020,47.344806451612904,-121.38152080645162,#ffe119,521.5129032258064,16346.754838709678,1
370,Ridgewood, New Jersey,AllLivesMatter,Fri Jun 19 23:57:58 +0000 2020,40.9821,-74.1128,#ffe119,1727.0,25692.0,1
371,Texas, USA,AllLivesMatter,Fri Jun 19 23:57:57 +0000 2020,30.65436949941793,-97.80444208381839,#ffe119,467.07974388824215,19220.278230500582,2
372,Connecticut, USA,AllLivesMatter,Fri Jun 19 23:57:47 +0000 2020,41.55448839285714,-72.6807919642857,#ffe119,749.8392857142857,36364.169642857145,1
377,Idaho, USA,AllLivesMatter,Fri Jun 19 23:55:44 +0000 2020,44.56990398230088,-114.69001194690266,#ffe119,425.5088495575221,7221.420353982301,1
378,New York, USA,AllLivesMatter,Fri Jun 19 23:55:42 +0000 2020,42.11192215013902,-75.02628554216868,#ffe119,970.2613531047266,35076.80815569972,1
382,Texas, USA,AllLivesMatter,Fri Jun 19 23:54:25 +0000 2020,30.65436949941793,-97.80444208381839,#ffe119,467.07974388824215,19220.278230500582,2
383,California, USA,AllLivesMatter,Fri Jun 19 23:54:25 +0000 2020,36.924938936877076,-120.18747089700997,#ffe119,956.9958139534883,39607.22724252492,1
389,New York, USA,#COVID19,Fri Jun 19 23:59:58 +0000 2020,42.11192215013902,-75.02628554216868,#4363d8,970.2613531047266,35076.80815569972,1
396,Kentucky, USA,#COVID19,Fri Jun 19 23:59:53 +0000 2020,37.77555102420857,-85.40921098696461,#4363d8,543.3631284916202,6122.7597765363125,1
398,Austin, TX,#COVID19,Fri Jun 19 23:59:52 +0000 2020,30.3006,-97.7517,#4363d8,1144.0,1638716.0,1
401,Flossmoor, IL,#COVID19,Fri Jun 19 23:59:49 +0000 2020,41.5391,-87.6857,#4363d8,984.0,9332.0,1
402,Belle Glade, FL,#COVID19,Fri Jun 19 23:59:48 +0000 2020,26.6919,-80.6672,#4363d8,1080.0,27999.0,1
406,Dallas, TX,#COVID19,Fri Jun 19 23:59:45 +0000 2020,32.7936,-96.7662,#4363d8,1524.0,5733259.0,1
409,Overland Park, KS,#COVID19,Fri Jun 19 23:59:42 +0000 2020,38.887,-94.687,#4363d8,982.0,191278.0,1
413,Colorado, USA,#masculinity,Fri Jun 19 21:01:41 +0000 2020,39.18856197802197,-105.29543868131867,#f58231,446.1802197802198,16481.65274725275,1
414,Massachusetts, USA,#masculinity,Fri Jun 19 20:57:50 +0000 2020,42.08924751773049,-71.18091205673758,#f58231,1008.886524822695,63636.99290780142,1
416,Manhattan, NY,#masculinity,Fri Jun 19 19:20:39 +0000 2020,40.7834,-73.9662,#f58231,27799.0,1643734.0,1
417,Salem, OR,#masculinity,Fri Jun 19 18:06:12 +0000 2020,44.9232,-123.0245,#f58231,1347.0,259816.0,1
418,Washington, DC,#masculinity,Fri Jun 19 17:43:48 +0000 2020,38.9047,-77.0163,#f58231,4382.0,5289420.0,2
422,Brentwood, NY,#masculinity,Fri Jun 19 15:58:46 +0000 2020,40.7839,-73.2522,#f58231,2222.0,63115.0,1
423,Washington, DC,#masculinity,Fri Jun 19 15:52:12 +0000 2020,38.9047,-77.0163,#f58231,4382.0,5289420.0,2
424,Albuquerque, NM,#masculinity,Fri Jun 19 15:15:12 +0000 2020,35.1053,-106.6464,#f58231,1151.0,758523.0,1
433,Arkansas, USA,#masculinity,Fri Jun 19 11:46:54 +0000 2020,35.07553649906891,-92.35809255121043,#f58231,199.72625698324023,4858.420856610801,1
449,Lincoln, IL,#Republican,Fri Jun 19 23:58:58 +0000 2020,40.1509,-89.3721,#911eb4,853.0,17360.0,1
450,Cleveland, OH,#Republican,Fri Jun 19 23:58:00 +0000 2020,41.4767,-81.6805,#911eb4,1915.0,1730363.0,1
452,Hollywood, FL,#Republican,Fri Jun 19 23:55:38 +0000 2020,26.0294,-80.1679,#911eb4,2175.0,153627.0,1
453,Mississippi, USA,#Republican,Fri Jun 19 23:53:12 +0000 2020,32.897958448753464,-89.6104265927978,#911eb4,238.14681440443212,5752.02216066482,1
457,Omaha, NE,#Republican,Fri Jun 19 23:46:59 +0000 2020,41.2628,-96.0498,#911eb4,1304.0,827786.0,1
458,Virginia, USA,#Republican,Fri Jun 19 23:46:43 +0000 2020,37.7647656996587,-78.37606126279863,#911eb4,544.5238907849829,13988.131399317406,2
459,Edinboro, PA,#Republican,Fri Jun 19 23:46:09 +0000 2020,41.8762,-80.1247,#911eb4,1006.0,6729.0,1
461,Portland, Oregon,#Republican,Fri Jun 19 23:37:26 +0000 2020,45.5371,-122.65,#911eb4,1874.0,2052796.0,1
462,Georgia, USA,#Republican,Fri Jun 19 23:37:16 +0000 2020,32.96564403225806,-83.57147564516129,#911eb4,315.7548387096774,17340.274193548386,2
463,Montebello, CA,#Republican,Fri Jun 19 23:32:05 +0000 2020,34.0155,-118.1108,#911eb4,2928.0,63192.0,1
464,Virginia, USA,#Republican,Fri Jun 19 23:31:30 +0000 2020,37.7647656996587,-78.37606126279863,#911eb4,544.5238907849829,13988.131399317406,2
465,Seattle, WA,#Republican,Fri Jun 19 23:29:39 +0000 2020,47.6211,-122.3244,#911eb4,3336.0,3643765.0,1
466,Austin, TX,#Republican,Fri Jun 19 23:27:01 +0000 2020,30.3006,-97.7517,#911eb4,1144.0,1638716.0,1
469,Georgia, USA,#Republican,Fri Jun 19 23:19:41 +0000 2020,32.96564403225806,-83.57147564516129,#911eb4,315.7548387096774,17340.274193548386,2
470,Washington, USA,#Republican,Fri Jun 19 23:18:10 +0000 2020,47.344806451612904,-121.38152080645162,#911eb4,521.5129032258064,16346.754838709678,1
471,Missouri, USA,#Republican,Fri Jun 19 23:11:02 +0000 2020,38.46613426911907,-92.43911626331074,#911eb4,405.15663117134557,7224.933204259439,1
475,Indiana, USA,#Republican,Fri Jun 19 23:02:12 +0000 2020,39.980345575221236,-86.28141401179941,#911eb4,507.0575221238938,9087.176991150442,1
476,Chicago, IL,#Republican,Fri Jun 19 22:57:02 +0000 2020,41.8373,-87.6862,#911eb4,4612.0,8675982.0,1
477,Anaheim, CA,#Republican,Fri Jun 19 22:55:11 +0000 2020,33.839,-117.8573,#911eb4,2704.0,352497.0,1
478,California, USA,#Republican,Fri Jun 19 22:52:55 +0000 2020,36.924938936877076,-120.18747089700997,#911eb4,956.9958139534883,39607.22724252492,1
479,Phoenix, AZ,#Republican,Fri Jun 19 22:50:23 +0000 2020,33.5722,-112.0891,#911eb4,1212.0,4081849.0,1
480,Seattle, WA,#Democrat,Fri Jun 19 23:59:57 +0000 2020,47.6211,-122.3244,#42d4f4,3336.0,3643765.0,2
481,Arizona, USA,#Democrat,Fri Jun 19 23:59:11 +0000 2020,33.872523318385646,-111.58644260089687,#42d4f4,204.72869955156952,21483.224215246635,1
482,Alabama, USA,#Democrat,Fri Jun 19 23:59:05 +0000 2020,32.94153133561644,-86.74674229452056,#42d4f4,145.04965753424656,7362.020547945205,1
483,Seattle, WA,#Democrat,Fri Jun 19 23:58:20 +0000 2020,47.6211,-122.3244,#42d4f4,3336.0,3643765.0,2
484,Los Angeles, CA,#Democrat,Fri Jun 19 23:56:23 +0000 2020,34.1139,-118.4068,#42d4f4,3295.0,12815475.0,1
485,Hollywood, FL,#Democrat,Fri Jun 19 23:55:38 +0000 2020,26.0294,-80.1679,#42d4f4,2175.0,153627.0,1
486,San Diego, California,#Democrat,Fri Jun 19 23:53:04 +0000 2020,32.8312,-117.1225,#42d4f4,1683.0,3210314.0,1
487,Texas, USA ðŸ‡ºðŸ‡¸,#Democrat,Fri Jun 19 23:53:03 +0000 2020,30.65436949941793,-97.80444208381839,#42d4f4,467.07974388824215,19220.278230500582,2
488,Chicago, IL,#Democrat,Fri Jun 19 23:52:19 +0000 2020,41.8373,-87.6862,#42d4f4,4612.0,8675982.0,1
489,Washington, DC,#Democrat,Fri Jun 19 23:50:47 +0000 2020,38.9047,-77.0163,#42d4f4,4382.0,5289420.0,1
490,Gulfport, MS,#Democrat,Fri Jun 19 23:49:41 +0000 2020,30.4271,-89.0703,#42d4f4,498.0,221348.0,1
491,Oregon, USA,#Democrat,Fri Jun 19 23:49:26 +0000 2020,44.56224297082228,-122.01842334217507,#42d4f4,621.6392572944297,13825.602122015915,1
492,Beverly Hills, CA,#Democrat,Fri Jun 19 23:46:55 +0000 2020,34.0786,-118.4021,#42d4f4,2332.0,34484.0,1
493,Yuma, AZ,#Democrat,Fri Jun 19 23:40:51 +0000 2020,32.5991,-114.5488,#42d4f4,304.0,138802.0,1
494,Pittsburgh, PA,#Democrat,Fri Jun 19 23:40:29 +0000 2020,40.4396,-79.9763,#42d4f4,2108.0,1715297.0,1
495,Texas, MURICA,#Democrat,Fri Jun 19 23:39:07 +0000 2020,30.65436949941793,-97.80444208381839,#42d4f4,467.07974388824215,19220.278230500582,2
496,Colorado, USA,#Democrat,Fri Jun 19 23:35:38 +0000 2020,39.18856197802197,-105.29543868131867,#42d4f4,446.1802197802198,16481.65274725275,1
497,Louisiana, USA,#Democrat,Fri Jun 19 23:33:50 +0000 2020,30.981620886075948,-91.83754514767932,#42d4f4,337.1308016877637,10326.888185654008,1
499,Knoxville, TN,#Democrat,Fri Jun 19 23:29:55 +0000 2020,35.9692,-83.9496,#42d4f4,732.0,585249.0,1
502,Port Orange, FL,#Democrat,Fri Jun 19 23:27:15 +0000 2020,29.1084,-81.0137,#42d4f4,912.0,63203.0,1
503,Austin, TX,#Democrat,Fri Jun 19 23:27:01 +0000 2020,30.3006,-97.7517,#42d4f4,1144.0,1638716.0,1
504,Michigan, USA,#Democrat,Fri Jun 19 23:27:00 +0000 2020,43.47372115942029,-84.86635913043477,#42d4f4,503.21159420289854,15115.937681159421,1
505,Henderson, NV,#Democrat,Fri Jun 19 23:26:11 +0000 2020,36.0146,-115.0362,#42d4f4,1115.0,302539.0,1
506,Las Vegas, NV,#Democrat,Fri Jun 19 23:23:44 +0000 2020,36.2333,-115.2654,#42d4f4,1747.0,2073045.0,1
507,Mississippi, USA,#TulsaTrumpRally,Fri Jun 19 23:59:45 +0000 2020,32.897958448753464,-89.6104265927978,#f032e6,238.14681440443212,5752.02216066482,1
508,Prosper, TX,#TulsaTrumpRally,Fri Jun 19 23:59:23 +0000 2020,33.2394,-96.8088,#f032e6,311.0,20312.0,1
509,Houston, TX,#TulsaTrumpRally,Fri Jun 19 23:59:09 +0000 2020,29.7869,-95.3905,#f032e6,1401.0,5446468.0,1
510,Edmond, OK,#TulsaTrumpRally,Fri Jun 19 23:59:08 +0000 2020,35.6689,-97.4159,#f032e6,419.0,91950.0,1
511,Texas, USA,#TulsaTrumpRally,Fri Jun 19 23:59:07 +0000 2020,30.65436949941793,-97.80444208381839,#f032e6,467.07974388824215,19220.278230500582,4
514,Shalimar, FL,#TulsaTrumpRally,Fri Jun 19 23:58:36 +0000 2020,30.4434,-86.5831,#f032e6,1081.0,808.0,1
515,Princeton, IL,#TulsaTrumpRally,Fri Jun 19 23:58:35 +0000 2020,41.3809,-89.4648,#f032e6,364.0,7961.0,1
516,Texas, USA,#TulsaTrumpRally,Fri Jun 19 23:58:00 +0000 2020,30.65436949941793,-97.80444208381839,#f032e6,467.07974388824215,19220.278230500582,4
517,Valley Park, MO,#TulsaTrumpRally,Fri Jun 19 23:57:50 +0000 2020,38.5513,-90.4924,#f032e6,676.0,6902.0,1
518,Missouri, USA,#TulsaTrumpRally,Fri Jun 19 23:57:38 +0000 2020,38.46613426911907,-92.43911626331074,#f032e6,405.15663117134557,7224.933204259439,2
519,Las Vegas, NV,#TulsaTrumpRally,Fri Jun 19 23:57:09 +0000 2020,36.2333,-115.2654,#f032e6,1747.0,2073045.0,1
520,Texas, USA,#TulsaTrumpRally,Fri Jun 19 23:57:02 +0000 2020,30.65436949941793,-97.80444208381839,#f032e6,467.07974388824215,19220.278230500582,4
521,Florida, USA,#TulsaTrumpRally,Fri Jun 19 23:56:24 +0000 2020,28.1400878021978,-82.12263065934067,#f032e6,927.0826373626373,33241.92747252747,4
522,Kansas, USA,#TulsaTrumpRally,Fri Jun 19 23:56:21 +0000 2020,38.51746656716418,-97.33820059701493,#f032e6,346.34328358208955,3861.055223880597,1
523,South Pittsburg, TN,#TulsaTrumpRally,Fri Jun 19 23:55:59 +0000 2020,35.0111,-85.7183,#f032e6,142.0,5457.0,1
524,Texas, USA,#TulsaTrumpRally,Fri Jun 19 23:55:58 +0000 2020,30.65436949941793,-97.80444208381839,#f032e6,467.07974388824215,19220.278230500582,4
525,Florida, Brevard County,#TulsaTrumpRally,Fri Jun 19 23:55:41 +0000 2020,28.1400878021978,-82.12263065934067,#f032e6,927.0826373626373,33241.92747252747,4
526,Florida, USA,#TulsaTrumpRally,Fri Jun 19 23:55:31 +0000 2020,28.1400878021978,-82.12263065934067,#f032e6,927.0826373626373,33241.92747252747,4
527,North Carolina, USA,#TulsaTrumpRally,Fri Jun 19 23:54:54 +0000 2020,35.439809510869566,-79.32081358695652,#f032e6,296.32065217391306,12504.385869565218,1
528,Sarasota, FL,#TulsaTrumpRally,Fri Jun 19 23:54:31 +0000 2020,27.3386,-82.543,#f032e6,1494.0,706245.0,1
529,New Jersey, USA,#TulsaTrumpRally,Fri Jun 19 23:54:15 +0000 2020,40.32016673040153,-74.52402217973231,#f032e6,1469.2390057361376,10892.99808795411,2
530,Oklahoma, USA,#TulsaTrumpRally,Fri Jun 19 23:54:11 +0000 2020,35.55583016304348,-96.7480898097826,#f032e6,230.94565217391303,4969.266304347826,1
531,Arizona, USA,#TulsaTrumpRally,Fri Jun 19 23:54:09 +0000 2020,33.872523318385646,-111.58644260089687,#f032e6,204.72869955156952,21483.224215246635,1
532,New Jersey, USA,#TulsaTrumpRally,Fri Jun 19 23:53:54 +0000 2020,40.32016673040153,-74.52402217973231,#f032e6,1469.2390057361376,10892.99808795411,2
533,Pennsylvania, USA,#TulsaTrumpRally,Fri Jun 19 23:53:29 +0000 2020,40.62121128472223,-77.63372887731481,#f032e6,782.3564814814815,9051.620949074075,1
534,Missouri, USA,#TulsaTrumpRally,Fri Jun 19 23:53:13 +0000 2020,38.46613426911907,-92.43911626331074,#f032e6,405.15663117134557,7224.933204259439,2
535,Louisiana, USA,#TulsaTrumpRally,Fri Jun 19 23:52:46 +0000 2020,30.981620886075948,-91.83754514767932,#f032e6,337.1308016877637,10326.888185654008,1
536,West Palm Beach, FL,#TulsaTrumpRally,Fri Jun 19 23:52:32 +0000 2020,26.7469,-80.1316,#f032e6,775.0,110222.0,1
537,Dallas, TX,#TulsaTrumpRally,Fri Jun 19 23:52:26 +0000 2020,32.7936,-96.7662,#f032e6,1524.0,5733259.0,1
538,Florida, USA,#TulsaTrumpRally,Fri Jun 19 23:52:26 +0000 2020,28.1400878021978,-82.12263065934067,#f032e6,927.0826373626373,33241.92747252747,4
539,Los Angeles, CA,#TulsaTrumpRally,Fri Jun 19 23:52:18 +0000 2020,34.1139,-118.4068,#f032e6,3295.0,12815475.0,1
540,Chardon, OH,#TulsaTrumpRally,Fri Jun 19 23:52:14 +0000 2020,41.5803,-81.2081,#f032e6,435.0,8063.0,1
541,Gulf Shores, Alabama,#TulsaTrumpRally,Fri Jun 19 23:51:57 +0000 2020,30.2758,-87.7014,#f032e6,162.0,11809.0,1
542,Saratoga Springs, NY,#TulsaTrumpRally,Fri Jun 19 23:51:45 +0000 2020,43.0674,-73.7775,#f032e6,385.0,67582.0,1
543,Sacramento, CA,#TulsaTrumpRally,Fri Jun 19 23:51:28 +0000 2020,38.5667,-121.4683,#f032e6,1980.0,1854698.0,1
544,Covington, LA,#TulsaTrumpRally,Fri Jun 19 23:51:23 +0000 2020,30.4808,-90.1122,#f032e6,500.0,10416.0,1
545,Dallas, TX,#policereforms,Fri Jun 19 19:06:43 +0000 2020,32.7936,-96.7662,#bfef45,1524.0,5733259.0,1
546,Texas, USA,#policereforms,Fri Jun 19 19:00:46 +0000 2020,30.65436949941793,-97.80444208381839,#bfef45,467.07974388824215,19220.278230500582,1
547,Virginia, USA,#policereforms,Fri Jun 19 17:38:43 +0000 2020,37.7647656996587,-78.37606126279863,#bfef45,544.5238907849829,13988.131399317406,1
548,Fate, TX,#policereforms,Fri Jun 19 15:32:29 +0000 2020,32.9432,-96.3863,#bfef45,400.0,12090.0,1
549,Salisbury, MD,#policereforms,Fri Jun 19 15:17:35 +0000 2020,38.3755,-75.5867,#bfef45,924.0,106034.0,1
550,Houston, TX,#policereforms,Fri Jun 19 15:06:58 +0000 2020,29.7869,-95.3905,#bfef45,1401.0,5446468.0,1
552,Atlanta, GA,#policereforms,Fri Jun 19 13:07:04 +0000 2020,33.7627,-84.4225,#bfef45,1384.0,5228750.0,1
553,Mississippi, USA,#blackconservative,Fri Jun 19 23:53:12 +0000 2020,32.897958448753464,-89.6104265927978,#fabed4,238.14681440443212,5752.02216066482,1
554,California, USA,#blackconservative,Fri Jun 19 20:41:11 +0000 2020,36.924938936877076,-120.18747089700997,#fabed4,956.9958139534883,39607.22724252492,1
555,Indiana, USA,#blackconservative,Fri Jun 19 19:36:35 +0000 2020,39.980345575221236,-86.28141401179941,#fabed4,507.0575221238938,9087.176991150442,1
557,Washington, DC,#blackconservative,Fri Jun 19 19:28:33 +0000 2020,38.9047,-77.0163,#fabed4,4382.0,5289420.0,1
558,Midland, TX,#blackconservative,Fri Jun 19 19:25:51 +0000 2020,32.0249,-102.1137,#fabed4,706.0,144247.0,1
560,Portland, Oregon ,#blackconservative,Fri Jun 19 17:47:25 +0000 2020,45.5371,-122.65,#fabed4,1874.0,2052796.0,1
561,Texas, USA,#blackconservative,Fri Jun 19 16:25:37 +0000 2020,30.65436949941793,-97.80444208381839,#fabed4,467.07974388824215,19220.278230500582,3
562,Texas, USA,#blackconservative,Fri Jun 19 16:07:46 +0000 2020,30.65436949941793,-97.80444208381839,#fabed4,467.07974388824215,19220.278230500582,3
563,Boston, MA,#blackconservative,Fri Jun 19 14:11:54 +0000 2020,42.3188,-71.0846,#fabed4,5472.0,4637537.0,1
564,New Hampshire, USA,#blackconservative,Fri Jun 19 11:48:07 +0000 2020,43.49214736842106,-71.5028105263158,#fabed4,338.60526315789474,21042.447368421053,1
567,Texas, USA,#blackconservative,Fri Jun 19 05:01:35 +0000 2020,30.65436949941793,-97.80444208381839,#fabed4,467.07974388824215,19220.278230500582,3
570,New Jersey, USA,#blackconservative,Fri Jun 19 02:33:05 +0000 2020,40.32016673040153,-74.52402217973231,#fabed4,1469.2390057361376,10892.99808795411,2
571,New Jersey, USA,#blackconservative,Fri Jun 19 02:31:12 +0000 2020,40.32016673040153,-74.52402217973231,#fabed4,1469.2390057361376,10892.99808795411,2
572,Florida, USA,#blackconservative,Fri Jun 19 01:59:26 +0000 2020,28.1400878021978,-82.12263065934067,#fabed4,927.0826373626373,33241.92747252747,1
574,Ashwaubenon, WI,#blackconservative,Fri Jun 19 01:12:32 +0000 2020,44.4796,-88.0889,#fabed4,539.0,17271.0,1
575,Gainesville, FL,#AbortionIsMurder,Fri Jun 19 23:59:38 +0000 2020,29.6804,-82.3458,#469990,810.0,199695.0,1
576,Butte, MT,#AbortionIsMurder,Fri Jun 19 23:55:33 +0000 2020,45.902,-112.6571,#469990,18.0,30628.0,1
579,Missouri, USA,#AbortionIsMurder,Fri Jun 19 23:48:44 +0000 2020,38.46613426911907,-92.43911626331074,#469990,405.15663117134557,7224.933204259439,1
580,Ohio, USA,#AbortionIsMurder,Fri Jun 19 23:47:59 +0000 2020,40.35181636212625,-82.80448712624585,#469990,549.1569767441861,11432.45265780731,2
582,North East, PA,#AbortionIsMurder,Fri Jun 19 23:46:01 +0000 2020,42.2134,-79.8333,#469990,1223.0,6206.0,1
583,Etowah, NC,#AbortionIsMurder,Fri Jun 19 23:44:38 +0000 2020,35.3061,-82.5902,#469990,165.0,7589.0,1
585,Lake City, FL,#AbortionIsMurder,Fri Jun 19 23:42:12 +0000 2020,30.1901,-82.6471,#469990,396.0,25869.0,1
586,Michigan, USA,#AbortionIsMurder,Fri Jun 19 23:42:09 +0000 2020,43.47372115942029,-84.86635913043477,#469990,503.21159420289854,15115.937681159421,2
587,Pennsylvania, USA,#AbortionIsMurder,Fri Jun 19 23:41:09 +0000 2020,40.62121128472223,-77.63372887731481,#469990,782.3564814814815,9051.620949074075,3
589,Atlanta, Georgia,#AbortionIsMurder,Fri Jun 19 23:36:51 +0000 2020,33.7627,-84.4225,#469990,1384.0,5228750.0,1
590,Ohio, USA,#AbortionIsMurder,Fri Jun 19 23:35:51 +0000 2020,40.35181636212625,-82.80448712624585,#469990,549.1569767441861,11432.45265780731,2
592,Texas, USA,#AbortionIsMurder,Fri Jun 19 23:34:38 +0000 2020,30.65436949941793,-97.80444208381839,#469990,467.07974388824215,19220.278230500582,2
593,Michigan, USA,#AbortionIsMurder,Fri Jun 19 23:34:19 +0000 2020,43.47372115942029,-84.86635913043477,#469990,503.21159420289854,15115.937681159421,2
594,Florida, USA,#AbortionIsMurder,Fri Jun 19 23:33:24 +0000 2020,28.1400878021978,-82.12263065934067,#469990,927.0826373626373,33241.92747252747,3
595,California, USA,#AbortionIsMurder,Fri Jun 19 23:30:56 +0000 2020,36.924938936877076,-120.18747089700997,#469990,956.9958139534883,39607.22724252492,2
597,Walkersville, MD,#AbortionIsMurder,Fri Jun 19 23:26:41 +0000 2020,39.4832,-77.3559,#469990,501.0,6181.0,1
598,North Dakota, USA,#AbortionIsMurder,Fri Jun 19 23:26:21 +0000 2020,47.52685985037407,-99.6368837905237,#469990,199.90523690773068,1813.5760598503741,1
599,Indiana, USA,#AbortionIsMurder,Fri Jun 19 23:26:20 +0000 2020,39.980345575221236,-86.28141401179941,#469990,507.0575221238938,9087.176991150442,1
600,Pennsylvania, USA,#AbortionIsMurder,Fri Jun 19 23:25:37 +0000 2020,40.62121128472223,-77.63372887731481,#469990,782.3564814814815,9051.620949074075,3
601,New Jersey, USA,#AbortionIsMurder,Fri Jun 19 23:25:25 +0000 2020,40.32016673040153,-74.52402217973231,#469990,1469.2390057361376,10892.99808795411,1
602,Connecticut, USA,#AbortionIsMurder,Fri Jun 19 23:25:20 +0000 2020,41.55448839285714,-72.6807919642857,#469990,749.8392857142857,36364.169642857145,1
603,Florida, USA,#AbortionIsMurder,Fri Jun 19 23:25:02 +0000 2020,28.1400878021978,-82.12263065934067,#469990,927.0826373626373,33241.92747252747,3
604,Texas, USA,#AbortionIsMurder,Fri Jun 19 23:24:52 +0000 2020,30.65436949941793,-97.80444208381839,#469990,467.07974388824215,19220.278230500582,2
605,Pennsylvania, USA,#AbortionIsMurder,Fri Jun 19 23:24:43 +0000 2020,40.62121128472223,-77.63372887731481,#469990,782.3564814814815,9051.620949074075,3
606,Marietta, GA,#AbortionIsMurder,Fri Jun 19 23:24:20 +0000 2020,33.9532,-84.5422,#469990,1009.0,61048.0,1
607,Florida, USA,#AbortionIsMurder,Fri Jun 19 23:23:54 +0000 2020,28.1400878021978,-82.12263065934067,#469990,927.0826373626373,33241.92747252747,3
608,California, USA,#AbortionIsMurder,Fri Jun 19 23:20:41 +0000 2020,36.924938936877076,-120.18747089700997,#469990,956.9958139534883,39607.22724252492,2
609,Marco Island, FL,#AbortionIsMurder,Fri Jun 19 23:20:37 +0000 2020,25.933,-81.6993,#469990,568.0,17904.0,1
610,Las Vegas, Nevada ,#AbortionIsMurder,Fri Jun 19 23:19:51 +0000 2020,36.2333,-115.2654,#469990,1747.0,2073045.0,1
611,Cambridge, MA,#DreamersAreAmericans,Fri Jun 19 23:56:14 +0000 2020,42.3759,-71.1185,#dcbeff,6862.0,113630.0,1
612,Connecticut, USA,#DreamersAreAmericans,Fri Jun 19 23:05:06 +0000 2020,41.55448839285714,-72.6807919642857,#dcbeff,749.8392857142857,36364.169642857145,2
613,Minneapolis, MN,#DreamersAreAmericans,Fri Jun 19 23:02:46 +0000 2020,44.9635,-93.2678,#dcbeff,3019.0,2926757.0,1
614,Michigan, USA,#DreamersAreAmericans,Fri Jun 19 22:55:57 +0000 2020,43.47372115942029,-84.86635913043477,#dcbeff,503.21159420289854,15115.937681159421,1
615,Chicago, IL,#DreamersAreAmericans,Fri Jun 19 22:43:13 +0000 2020,41.8373,-87.6862,#dcbeff,4612.0,8675982.0,1
616,Los Angeles, CA,#DreamersAreAmericans,Fri Jun 19 22:40:57 +0000 2020,34.1139,-118.4068,#dcbeff,3295.0,12815475.0,2
618,Connecticut, USA,#DreamersAreAmericans,Fri Jun 19 22:35:37 +0000 2020,41.55448839285714,-72.6807919642857,#dcbeff,749.8392857142857,36364.169642857145,2
619,California, USA ðŸ‡µðŸ‡·ðŸ‡²ðŸ‡½,#DreamersAreAmericans,Fri Jun 19 21:50:24 +0000 2020,36.924938936877076,-120.18747089700997,#dcbeff,956.9958139534883,39607.22724252492,1
620,Long Beach, CA,#DreamersAreAmericans,Fri Jun 19 20:52:29 +0000 2020,33.798,-118.1675,#dcbeff,3575.0,469450.0,2
621,Metairie, LA,#DreamersAreAmericans,Fri Jun 19 20:40:39 +0000 2020,29.9976,-90.1781,#dcbeff,2407.0,144822.0,1
623,Grapevine, Texas,#DreamersAreAmericans,Fri Jun 19 19:34:41 +0000 2020,32.9343,-97.0744,#dcbeff,651.0,53982.0,1
627,Los Angeles, CA,#DreamersAreAmericans,Fri Jun 19 18:34:58 +0000 2020,34.1139,-118.4068,#dcbeff,3295.0,12815475.0,2
628,Wooster, OH,#DreamersAreAmericans,Fri Jun 19 18:09:19 +0000 2020,40.8166,-81.9334,#dcbeff,611.0,31011.0,3
629,Wooster, OH,#DreamersAreAmericans,Fri Jun 19 17:53:27 +0000 2020,40.8166,-81.9334,#dcbeff,611.0,31011.0,3
630,Texas, USA,#DreamersAreAmericans,Fri Jun 19 17:49:35 +0000 2020,30.65436949941793,-97.80444208381839,#dcbeff,467.07974388824215,19220.278230500582,1
631,Wooster, OH,#DreamersAreAmericans,Fri Jun 19 17:45:12 +0000 2020,40.8166,-81.9334,#dcbeff,611.0,31011.0,3
633,Houston, Texas,#DreamersAreAmericans,Fri Jun 19 17:41:10 +0000 2020,29.7869,-95.3905,#dcbeff,1401.0,5446468.0,4
634,Wisconsin, USA,#DreamersAreAmericans,Fri Jun 19 17:26:18 +0000 2020,44.158926070038916,-89.66840869001297,#dcbeff,323.35927367055774,7699.124513618677,1
635,Houston, TX,#DreamersAreAmericans,Fri Jun 19 17:07:59 +0000 2020,29.7869,-95.3905,#dcbeff,1401.0,5446468.0,4
636,Greenwood, SC,#DreamersAreAmericans,Fri Jun 19 17:06:17 +0000 2020,34.1945,-82.1542,#dcbeff,550.0,42174.0,1
637,Las Vegas, NV,#DreamersAreAmericans,Fri Jun 19 17:03:48 +0000 2020,36.2333,-115.2654,#dcbeff,1747.0,2073045.0,2
638,Long Beach, CA,#DreamersAreAmericans,Fri Jun 19 17:02:39 +0000 2020,33.798,-118.1675,#dcbeff,3575.0,469450.0,2
639,Tucson, AZ,#DreamersAreAmericans,Fri Jun 19 16:38:19 +0000 2020,32.1545,-110.8782,#dcbeff,868.0,868391.0,1
640,Las Vegas, NV,#DreamersAreAmericans,Fri Jun 19 16:35:58 +0000 2020,36.2333,-115.2654,#dcbeff,1747.0,2073045.0,2
642,Ann Arbor, MI,#DreamersAreAmericans,Fri Jun 19 16:08:04 +0000 2020,42.2755,-83.7312,#dcbeff,1680.0,326288.0,2
645,Tulsa, OK,#DreamersAreAmericans,Fri Jun 19 15:40:33 +0000 2020,36.1284,-95.9043,#dcbeff,785.0,672054.0,1
646,New York, NY,#DreamersAreAmericans,Fri Jun 19 15:20:31 +0000 2020,40.6943,-73.9249,#dcbeff,11083.0,19354922.0,1
647,Houston, TX,#DreamersAreAmericans,Fri Jun 19 14:57:00 +0000 2020,29.7869,-95.3905,#dcbeff,1401.0,5446468.0,4
649,Portland, OR,#DreamersAreAmericans,Fri Jun 19 14:11:16 +0000 2020,45.5371,-122.65,#dcbeff,1874.0,2052796.0,1
650,Houston, TX,#DreamersAreAmericans,Fri Jun 19 13:31:44 +0000 2020,29.7869,-95.3905,#dcbeff,1401.0,5446468.0,4
653,Milwaukee, WI,#DreamersAreAmericans,Fri Jun 19 13:01:36 +0000 2020,43.0642,-87.9673,#dcbeff,2389.0,1377808.0,1
654,Iowa, USA,#DreamersAreAmericans,Fri Jun 19 12:58:01 +0000 2020,42.05805302879841,-93.38755978152929,#dcbeff,286.4915590863952,3145.91956305859,1
655,Ann Arbor, MI,#DreamersAreAmericans,Fri Jun 19 12:51:41 +0000 2020,42.2755,-83.7312,#dcbeff,1680.0,326288.0,2
657,New Jersey, USA,#LGBTQRights,Fri Jun 19 23:24:09 +0000 2020,40.32016673040153,-74.52402217973231,#9A6324,1469.2390057361376,10892.99808795411,1
658,New York, New York,#LGBTQRights,Fri Jun 19 23:22:54 +0000 2020,40.6943,-73.9249,#9A6324,11083.0,19354922.0,2
660,San Francisco, CA,#LGBTQRights,Fri Jun 19 23:12:11 +0000 2020,37.7562,-122.443,#9A6324,7286.0,3603761.0,1
661,Washington, DC,#LGBTQRights,Fri Jun 19 23:08:05 +0000 2020,38.9047,-77.0163,#9A6324,4382.0,5289420.0,1
662,Connecticut, USA,#LGBTQRights,Fri Jun 19 23:05:06 +0000 2020,41.55448839285714,-72.6807919642857,#9A6324,749.8392857142857,36364.169642857145,1
664,Lexington, Kentucky,#LGBTQRights,Fri Jun 19 22:52:34 +0000 2020,38.0423,-84.4587,#9A6324,438.0,315939.0,1
667,Winterville, NC,#LGBTQRights,Fri Jun 19 22:28:35 +0000 2020,35.5288,-77.3994,#9A6324,805.0,9654.0,1
668,Bronxville, NY,#LGBTQRights,Fri Jun 19 22:28:03 +0000 2020,40.9394,-73.8263,#9A6324,2627.0,6547.0,1
669,Los Angeles, California,#LGBTQRights,Fri Jun 19 22:10:05 +0000 2020,34.1139,-118.4068,#9A6324,3295.0,12815475.0,1
670,Manassas, Virginia,#LGBTQRights,Fri Jun 19 22:05:36 +0000 2020,38.7479,-77.4838,#9A6324,1626.0,41501.0,1
672,Marietta, GA,#LGBTQRights,Fri Jun 19 22:00:00 +0000 2020,33.9532,-84.5422,#9A6324,1009.0,61048.0,1
673,Quincy, MA,#LGBTQRights,Fri Jun 19 21:54:49 +0000 2020,42.2516,-71.0183,#9A6324,2194.0,94166.0,1
674,Dallas, TX,#LGBTQRights,Fri Jun 19 21:49:15 +0000 2020,32.7936,-96.7662,#9A6324,1524.0,5733259.0,1
675,Shakopee, MN,#LGBTQRights,Fri Jun 19 21:47:58 +0000 2020,44.7744,-93.4764,#9A6324,561.0,40893.0,1
676,Ohio, USA,#LGBTQRights,Fri Jun 19 21:44:45 +0000 2020,40.35181636212625,-82.80448712624585,#9A6324,549.1569767441861,11432.45265780731,1
677,Olympia, WA,#LGBTQRights,Fri Jun 19 21:40:51 +0000 2020,47.0417,-122.8959,#9A6324,1092.0,196078.0,1
679,Colorado, USA,#LGBTQRights,Fri Jun 19 21:14:21 +0000 2020,39.18856197802197,-105.29543868131867,#9A6324,446.1802197802198,16481.65274725275,1
680,Glendale, CA,#LGBTQRights,Fri Jun 19 21:09:56 +0000 2020,34.1818,-118.2468,#9A6324,2572.0,203054.0,1
682,Shelby, Ohio,#LGBTQRights,Fri Jun 19 21:02:04 +0000 2020,40.8847,-82.6578,#9A6324,552.0,9011.0,1
684,Long Beach, CA,#LGBTQRights,Fri Jun 19 20:52:29 +0000 2020,33.798,-118.1675,#9A6324,3575.0,469450.0,1
686,New York, NY,#LGBTQRights,Fri Jun 19 20:35:59 +0000 2020,40.6943,-73.9249,#9A6324,11083.0,19354922.0,2
687,Virginia, USA,#AbortionIsRacist,Fri Jun 19 09:30:24 +0000 2020,37.7647656996587,-78.37606126279863,#fffac8,544.5238907849829,13988.131399317406,1
689,Alaska, USA,#AbortionIsRacist,Fri Jun 19 00:42:00 +0000 2020,61.43625807365439,-150.8333419263456,#fffac8,38.640226628895185,1971.0793201133145,1
690,Oak Harbor, WA,#AbortionIsRacist,Fri Jun 19 00:35:39 +0000 2020,48.2965,-122.6331,#fffac8,930.0,34663.0,1
691,Texas, USA,#AbortionIsRacist,Fri Jun 19 00:34:23 +0000 2020,30.65436949941793,-97.80444208381839,#fffac8,467.07974388824215,19220.278230500582,1
708,New York, USA,#IllegalAliens,Fri Jun 19 19:58:03 +0000 2020,42.11192215013902,-75.02628554216868,#aaffc3,970.2613531047266,35076.80815569972,1
709,Florida, USA,#IllegalAliens,Fri Jun 19 23:54:08 +0000 2020,28.1400878021978,-82.12263065934067,#aaffc3,927.0826373626373,33241.92747252747,2
711,Detroit, Michigan,#IllegalAliens,Fri Jun 19 21:42:15 +0000 2020,42.3834,-83.1024,#aaffc3,1873.0,3522206.0,1
712,Rhode Island, USA,#IllegalAliens,Fri Jun 19 21:29:57 +0000 2020,41.66150625,-71.572346875,#aaffc3,928.21875,51659.46875,1
714,Rock Hill, SC,#IllegalAliens,Fri Jun 19 20:41:10 +0000 2020,34.9413,-81.025,#aaffc3,741.0,115963.0,1
715,Atlanta, GA,#IllegalAliens,Fri Jun 19 20:40:52 +0000 2020,33.7627,-84.4225,#aaffc3,1384.0,5228750.0,1
716,Manhattan, NY,#IllegalAliens,Fri Jun 19 20:39:05 +0000 2020,40.7834,-73.9662,#aaffc3,27799.0,1643734.0,1
717,Philadelphia, PA,#IllegalAliens,Fri Jun 19 20:32:50 +0000 2020,40.0077,-75.1339,#aaffc3,4547.0,5637884.0,1
719,Edwardsville, IL,#IllegalAliens,Fri Jun 19 20:30:53 +0000 2020,38.7922,-89.9881,#aaffc3,488.0,24967.0,1
720,Panama City Beach, FL,#IllegalAliens,Fri Jun 19 20:17:38 +0000 2020,30.2369,-85.8774,#aaffc3,255.0,12757.0,1
721,Shalimar, FL,#IllegalAliens,Fri Jun 19 20:15:47 +0000 2020,30.4434,-86.5831,#aaffc3,1081.0,808.0,1
723,North Carolina, USA,#IllegalAliens,Fri Jun 19 20:08:11 +0000 2020,35.439809510869566,-79.32081358695652,#aaffc3,296.32065217391306,12504.385869565218,1
725,Georgia, USA,#IllegalAliens,Fri Jun 19 20:00:55 +0000 2020,32.96564403225806,-83.57147564516129,#aaffc3,315.7548387096774,17340.274193548386,1
726,Pasadena, CA,#IllegalAliens,Fri Jun 19 20:00:15 +0000 2020,34.1597,-118.139,#aaffc3,2398.0,142647.0,1
727,Michigan, USA,#IllegalAliens,Fri Jun 19 19:59:37 +0000 2020,43.47372115942029,-84.86635913043477,#aaffc3,503.21159420289854,15115.937681159421,1
728,Sebastian, FL,#IllegalAliens,Fri Jun 19 19:17:21 +0000 2020,27.7883,-80.4815,#aaffc3,715.0,25174.0,1
729,Florida, USA,#IllegalAliens,Fri Jun 19 19:07:04 +0000 2020,28.1400878021978,-82.12263065934067,#aaffc3,927.0826373626373,33241.92747252747,2
730,Phoenix, AZ,#IllegalAliens,Fri Jun 19 18:20:49 +0000 2020,33.5722,-112.0891,#aaffc3,1212.0,4081849.0,1
731,Glens Falls, NY,#IllegalAliens,Fri Jun 19 17:58:01 +0000 2020,43.3109,-73.6459,#aaffc3,1447.0,64287.0,1
733,Texas, USA,#IllegalAliens,Fri Jun 19 17:28:22 +0000 2020,30.65436949941793,-97.80444208381839,#aaffc3,467.07974388824215,19220.278230500582,1
734,Ohio, USA,#IllegalAliens,Fri Jun 19 16:12:59 +0000 2020,40.35181636212625,-82.80448712624585,#aaffc3,549.1569767441861,11432.45265780731,1
735,California, USA,#Copslivesmatter,Fri Jun 19 05:14:06 +0000 2020,36.924938936877076,-120.18747089700997,#808000,956.9958139534883,39607.22724252492,2
738,New Jersey, USA,#Copslivesmatter,Fri Jun 19 22:25:19 +0000 2020,40.32016673040153,-74.52402217973231,#808000,1469.2390057361376,10892.99808795411,1
740,Providence, RI,#Copslivesmatter,Fri Jun 19 20:28:19 +0000 2020,41.823,-71.4187,#808000,3783.0,1206642.0,1
741,Bellingham, WA,#Copslivesmatter,Fri Jun 19 19:38:29 +0000 2020,48.7543,-122.4687,#808000,1241.0,126015.0,1
742,Hot Springs, AR,#Copslivesmatter,Fri Jun 19 19:01:12 +0000 2020,34.4902,-93.0498,#808000,390.0,57819.0,1
744,Parma, Ohio,#Copslivesmatter,Fri Jun 19 18:35:34 +0000 2020,41.3843,-81.7286,#808000,1527.0,79167.0,1
745,Nashville, TN,#Copslivesmatter,Fri Jun 19 18:34:39 +0000 2020,36.1715,-86.7843,#808000,541.0,1076645.0,1
746,Independence, KY,#Copslivesmatter,Fri Jun 19 17:45:19 +0000 2020,38.951,-84.5492,#808000,607.0,27634.0,1
748,Portland, OR,#Copslivesmatter,Fri Jun 19 16:54:47 +0000 2020,45.5371,-122.65,#808000,1874.0,2052796.0,1
750,Mississippi, USA,#Copslivesmatter,Fri Jun 19 16:26:46 +0000 2020,32.897958448753464,-89.6104265927978,#808000,238.14681440443212,5752.02216066482,1
751,Texas, USA,#Copslivesmatter,Fri Jun 19 15:30:23 +0000 2020,30.65436949941793,-97.80444208381839,#808000,467.07974388824215,19220.278230500582,1
752,Michigan, USA,#Copslivesmatter,Fri Jun 19 15:27:20 +0000 2020,43.47372115942029,-84.86635913043477,#808000,503.21159420289854,15115.937681159421,1
753,California, USA,#Copslivesmatter,Fri Jun 19 15:13:50 +0000 2020,36.924938936877076,-120.18747089700997,#808000,956.9958139534883,39607.22724252492,2
754,Los Angeles, CA,#Copslivesmatter,Fri Jun 19 14:48:53 +0000 2020,34.1139,-118.4068,#808000,3295.0,12815475.0,1
755,Oklahoma, USA,#Copslivesmatter,Fri Jun 19 14:47:05 +0000 2020,35.55583016304348,-96.7480898097826,#808000,230.94565217391303,4969.266304347826,1
757,Georgia, USA,#Copslivesmatter,Fri Jun 19 14:14:36 +0000 2020,32.96564403225806,-83.57147564516129,#808000,315.7548387096774,17340.274193548386,1
758,Florida, USA,#Copslivesmatter,Fri Jun 19 14:06:09 +0000 2020,28.1400878021978,-82.12263065934067,#808000,927.0826373626373,33241.92747252747,2
759,Arizona, USA,#Copslivesmatter,Fri Jun 19 13:55:07 +0000 2020,33.872523318385646,-111.58644260089687,#808000,204.72869955156952,21483.224215246635,1
760,Florida, USA,#Copslivesmatter,Fri Jun 19 13:51:20 +0000 2020,28.1400878021978,-82.12263065934067,#808000,927.0826373626373,33241.92747252747,2
762,Pawtucket, RI,#Copslivesmatter,Fri Jun 19 13:26:43 +0000 2020,41.8744,-71.3743,#808000,3207.0,72001.0,1
